<?xml version = '1.0'?>
<parameters creator="neuroscope-1.3.2" version="1.0" >
 <acquisitionSystem>
  <nBits>16</nBits>
  <nChannels>8</nChannels>
  <samplingRate>10000</samplingRate>
  <voltageRange>20</voltageRange>
  <amplification>1000</amplification>
  <offset>2048</offset>
 </acquisitionSystem>
 <fieldPotentials>
  <lfpSamplingRate>1250</lfpSamplingRate>
 </fieldPotentials>
 <files>
  <file>
   <extension/>
   <samplingRate>10000</samplingRate>
  </file>
  <file>
   <extension/>
   <samplingRate>10000</samplingRate>
  </file>
  <file>
   <extension/>
   <samplingRate>10000</samplingRate>
  </file>
  <file>
   <extension/>
   <samplingRate>10000</samplingRate>
  </file>
  <file>
   <extension/>
   <samplingRate>10000</samplingRate>
  </file>
  <file>
   <extension/>
   <samplingRate>10000</samplingRate>
  </file>
  <file>
   <extension/>
   <samplingRate>10000</samplingRate>
  </file>
  <file>
   <extension/>
   <samplingRate>10000</samplingRate>
  </file>
  <file>
   <extension/>
   <samplingRate>10000</samplingRate>
  </file>
  <file>
   <extension/>
   <samplingRate>10000</samplingRate>
  </file>
  <file>
   <extension/>
   <samplingRate>10000</samplingRate>
  </file>
  <file>
   <extension/>
   <samplingRate>10000</samplingRate>
  </file>
  <file>
   <extension/>
   <samplingRate>10000</samplingRate>
  </file>
  <file>
   <extension/>
   <samplingRate>10000</samplingRate>
  </file>
  <file>
   <extension/>
   <samplingRate>10000</samplingRate>
  </file>
  <file>
   <extension/>
   <samplingRate>10000</samplingRate>
  </file>
  <file>
   <extension></extension>
   <samplingRate>10000</samplingRate>
  </file>
 </files>
 <anatomicalDescription>
  <channelGroups>
   <group>
    <channel skip="0" >0</channel>
    <channel skip="0" >1</channel>
    <channel skip="0" >2</channel>
    <channel skip="0" >3</channel>
    <channel skip="0" >4</channel>
   </group>
   <group>
    <channel skip="0" >5</channel>
    <channel skip="0" >6</channel>
    <channel skip="0" >7</channel>
   </group>
  </channelGroups>
 </anatomicalDescription>
 <spikeDetection/>
 <neuroscope version="1.3.2" >
  <miscellaneous>
   <screenGain>0.2</screenGain>
  </miscellaneous>
  <video>
   <rotate>0</rotate>
   <flip>0</flip>
   <videoImage></videoImage>
   <positionsBackground>0</positionsBackground>
  </video>
  <spikes>
   <nSamples>32</nSamples>
   <peakSampleIndex>16</peakSampleIndex>
  </spikes>
  <channels>
   <channelColors>
    <channel>0</channel>
    <color>#0080ff</color>
    <anatomyColor>#0080ff</anatomyColor>
    <spikeColor>#0080ff</spikeColor>
   </channelColors>
   <channelOffset>
    <channel>0</channel>
    <defaultOffset>0</defaultOffset>
   </channelOffset>
   <channelColors>
    <channel>1</channel>
    <color>#0080ff</color>
    <anatomyColor>#0080ff</anatomyColor>
    <spikeColor>#0080ff</spikeColor>
   </channelColors>
   <channelOffset>
    <channel>1</channel>
    <defaultOffset>0</defaultOffset>
   </channelOffset>
   <channelColors>
    <channel>2</channel>
    <color>#0080ff</color>
    <anatomyColor>#0080ff</anatomyColor>
    <spikeColor>#0080ff</spikeColor>
   </channelColors>
   <channelOffset>
    <channel>2</channel>
    <defaultOffset>0</defaultOffset>
   </channelOffset>
   <channelColors>
    <channel>3</channel>
    <color>#0080ff</color>
    <anatomyColor>#0080ff</anatomyColor>
    <spikeColor>#0080ff</spikeColor>
   </channelColors>
   <channelOffset>
    <channel>3</channel>
    <defaultOffset>0</defaultOffset>
   </channelOffset>
   <channelColors>
    <channel>4</channel>
    <color>#0080ff</color>
    <anatomyColor>#0080ff</anatomyColor>
    <spikeColor>#0080ff</spikeColor>
   </channelColors>
   <channelOffset>
    <channel>4</channel>
    <defaultOffset>0</defaultOffset>
   </channelOffset>
   <channelColors>
    <channel>5</channel>
    <color>#daff36</color>
    <anatomyColor>#daff36</anatomyColor>
    <spikeColor>#0080ff</spikeColor>
   </channelColors>
   <channelOffset>
    <channel>5</channel>
    <defaultOffset>0</defaultOffset>
   </channelOffset>
   <channelColors>
    <channel>6</channel>
    <color>#daff36</color>
    <anatomyColor>#daff36</anatomyColor>
    <spikeColor>#0080ff</spikeColor>
   </channelColors>
   <channelOffset>
    <channel>6</channel>
    <defaultOffset>0</defaultOffset>
   </channelOffset>
   <channelColors>
    <channel>7</channel>
    <color>#daff36</color>
    <anatomyColor>#daff36</anatomyColor>
    <spikeColor>#0080ff</spikeColor>
   </channelColors>
   <channelOffset>
    <channel>7</channel>
    <defaultOffset>0</defaultOffset>
   </channelOffset>
  </channels>
 </neuroscope>
</parameters>
